Imagen,Idioma,Autor,Título,Resumen,Descripción,Votación,Fecha de Creación,Departamento,Municipio,Sector,URL del Producto,Adjunto,Tipo de Producto,Impacto Social,Descripción de Impacto Social,Conjunto de Datos 1,Conjunto de Datos 2,Conjunto de Datos 3,Conjunto de Datos 4,Conjunto de Datos 5,Otro Conjunto de Datos 1,Otro Conjunto de Datos 2,Otro Conjunto de Datos 3,Otro Conjunto de Datos 4,Otro Conjunto de Datos 5,Tipo de Licencia,Estado,Algoritmos,Metodología,Resultados Aprendizaje Datos,idPost,Dane Departamento,Dane Municipio,NIT Entidad,Fecha_Modificado
https://herramientas.datos.gov.co/sites/default/files/2022-06/CENSO%20ARBOREO.JPG,Español,ALCALDÍA DE IBAGUE (Entidad pública),CENSO ARBOLADO URBANO POR COMUNA MUNICIPIO DE IBAGUE,CENSO ARBOLADO URBANO POR COMUNA EN EL MUNICIPIO DE IBAGUE,<p>CENSO ARBOLADO URBANO POR COMUNA EN EL&nbsp;MUNICIPIO DE IBAGUE</p>,20,06/08/2022 12:00:00 AM,TOLIMA,IBAGUÉ,Ambiente y Desarrollo Sostenible,https://www.datos.gov.co/Ambiente-y-Desarrollo-Sostenible/CENSO-ARBOLADO-URBANO-POR-COMUNA-MUNICIPIO-DE-IBAG/sczr-x354,https://herramientas.datos.gov.co/sites/default/files/2022-06/CENSO%20ARBOLADO%20URBANO%20IBAGUE.xlsx,Visualización,no,,"<a href=""https://www.datos.gov.co/d/am4p-tz7w"">Censo de Arbolado urbano en Ibagué-Sria Ambiente y Gestión del Riesgo </a>",,,,,Título              Censo de Arbolado urbano en Ibagué-Sria Ambiente y Gestión del Riesgo                Enlace              https://www.datos.gov.co/Ambiente-y-Desarrollo-Sostenible/Censo-de-Arbolado-urb…,,,,,Creative Commons,Aprobado,,,,726,73,73.001,815000842,2022-10-29 15:26:43
https://herramientas.datos.gov.co/sites/default/files/2022-06/Imagen%20visual.JPG,Español,ALCALDÍA DE IBAGUE (Entidad pública),REPORTE TEMPERATURA RED DE ESTACIONES IDEAM – MUNICIPIO DE IBAGUÉ,Visualizacion Datos  Hidrometeorológicos Crudos de la  Red de Estaciones IDEAM -Temperatura,<p>Visualizacion Datos&nbsp; Hidrometeorológicos Crudos de la &nbsp;Red de Estaciones IDEAM -Temperatura</p>,0,06/07/2022 12:00:00 AM,TOLIMA,IBAGUÉ,Ambiente y Desarrollo Sostenible,https://www.datos.gov.co/Ambiente-y-Desarrollo-Sostenible/REPORTE-TEMPERATURA-RED-DE-ESTACIONES-IDEAM-MUNICI/ispb-ygmg,https://herramientas.datos.gov.co/sites/default/files/2022-06/REPORTE%20DATOS%20DE%20TEMPERATURA%20DE%20LA%20RED%20DE%20ESTACIONES%20IDEAM%20%E2%80%93%20IBAGU%C3%89.xlsx,Visualización,no,,"<a href=""https://www.datos.gov.co/d/sbwg-7ju4"">Datos Hidrometeorológicos Crudos - Red de Estaciones IDEAM : Temperatura </a>",,,,,,,,,,Creative Commons,Aprobado,,,,724,73,73.001,815000842,2022-06-07 15:48:25
https://herramientas.datos.gov.co/sites/default/files/2022-06/pequre.png,Español,EMPRESA DE SERVICIOS PUBLICOS ENVIASEO (Entidad pública),"Peticiones, quejas y reclamos Enviaseo E.S.P","Visualización de número de peticiones, quejas y reclamos que son presentadas a la entidad por los usuarios por medio de las diferentes herramientas, como página web, teléfono, chat y escritas","<p><span><span><span>Visualización de número de peticiones, quejas y reclamos que son presentadas a la entidad por los usuarios por medio de las diferentes herramientas, como página web, teléfono, chat y escritas</span></span></span></p>",100,06/06/2022 12:00:00 AM,ANTIOQUIA,ENVIGADO,Ambiente y Desarrollo Sostenible,https://app.powerbi.com/view?r=eyJrIjoiYTZkM2Y2NzUtMTFiNi00ODYxLTgwNzUtY2IxNzc0M2ZhOTVlIiwidCI6IjAxYTBlZjcxLTUyZWItNGM3ZS1iNThmLWM1OTdlNzBkZDA4NiJ9&pageName=ReportSection,,Visualización,Si,Los ciudadanos podran visualizar el comportamiento del servicio de la entidad,"<a href=""https://www.datos.gov.co/d/s3x6-dumd"">Peticiones, quejas y reclamos Enviaseo E.S.P </a>",,,,,"Título              Peticiones, quejas y reclamos Enviaseo E.S.P                Enlace              https://www.datos.gov.co/Ambiente-y-Desarrollo-Sostenible/Peticiones-quejas-y-r…",,,,,Microsoft Public License,Aprobado,,,,718,5,5.266,815000842,2022-06-06 18:57:13
https://herramientas.datos.gov.co/sites/default/files/2022-05/Logo%20nuevo.gif,Español,CORPORACION AUTONOMA REGIONAL PARA LA DEFENSA DE LA MESETA DE BUCARAMANGA (Entidad pública),Herbario CDMB - Jardín Botánico Eloy Valenzuela,Es una colección de Herbario que cuenta con información de la flora presente en el Departamento de Santander y de forma especial de los 13 municipios que componen el área de jurisdicción de la Corporación Autónoma para la Defensa de la Meseta de Bucaramanga. El Herbario se encuentra ubicado en las instalaciones del Jardín Botánico Eloy Valenzuela en el Municipio de Floridablanca. La colección de Herbario se encuentra registrada ante el Registro Nacional de Colecciones desde el 10 de agosto de 2001 y en la Asociación Colombiana de Herbarios desde el año 2006.,"<p>Es una colección de Herbario que cuenta con información de la flora presente en el Departamento de Santander y de forma especial de los 13 municipios que componen el área de jurisdicción de la Corporación Autónoma para la Defensa de la Meseta de Bucaramanga. El Herbario se encuentra ubicado en las instalaciones del Jardín Botánico Eloy Valenzuela en el Municipio de Floridablanca. La colección de Herbario se encuentra registrada ante el Registro Nacional de Colecciones desde el 10 de agosto de 2001 y en la Asociación Colombiana de Herbarios desde el año 2006. Para el 31 de diciembre de 2019, se cuenta con un total de 8284 exicados. La información contiene el nombre científico de la especie, la localidad en la que fue colectada, coordenadas geográficas, altitud, nombre del colector, fecha de colección, entre otros.</p><p>Los datos en este recurso de registros biológicos han sido publicados como Archivo Darwin Core(DwC-A), el cual es un formato estándar para compartir datos de biodiversidad como un conjunto de una o más tablas de datos. La tabla de datos del core contiene 8.284 registros.</p><p>Este IPT archiva los datos y, por lo tanto, sirve como repositorio de datos. Los datos y los metadatos del recurso están disponibles para su descarga en la sección&nbsp;<a href=""http://ipt.sibcolombia.net/sib//resource.do?r=eloy_valenzuela#anchor-downloads"">descargas</a>. La tabla&nbsp;<a href=""http://ipt.sibcolombia.net/sib//resource.do?r=eloy_valenzuela#anchor-versions"">versiones</a>&nbsp;enumera otras versiones del recurso que se han puesto a disposición del público y permite seguir los cambios realizados en el recurso a lo largo del tiempo.</p><p>Descargue la última versión de los datos como un Archivo Darwin Core (DwC-A) o los metadatos como EML o RTF:</p><p>Datos como un archivo DwC-A<a href=""https://ipt.biodiversidad.co/sib/archive.do?r=eloy_valenzuela&amp;v=9.6"">descargar</a>&nbsp;8.284 registros&nbsp;en Español (377 kB)&nbsp;-&nbsp;Frecuencia de actualización:&nbsp;cuando sea necesario</p><p>Metadatos como un archivo EML<a href=""https://ipt.biodiversidad.co/sib/eml.do?r=eloy_valenzuela&amp;v=9.6"">descargar</a>&nbsp;en Español (21 kB)</p><p>Metadatos como un archivo RTF<a href=""https://ipt.biodiversidad.co/sib/rtf.do?r=eloy_valenzuela&amp;v=9.6"">descargar</a>&nbsp;en Español (14 kB)</p>",100,05/31/2022 12:00:00 AM,SANTANDER,BUCARAMANGA,Ambiente y Desarrollo Sostenible,https://www.gbif.org/es/dataset/55d3f041-5cd7-45cf-99e0-80cddfd035d7#description,https://herramientas.datos.gov.co/sites/default/files/2022-05/dwca-eloy_valenzuela-v9.6.zip,Investigación,no,,"<a href=""https://www.datos.gov.co/d/genv-55e4"">Base de Datos Herbario CDMB </a>",,,,,,,,,,,Aprobado,,,,710,68,68.001,815000842,2022-07-05 13:09:48
https://herramientas.datos.gov.co/sites/default/files/2022-05/SIGAB_0.jpg,Español,UNIDAD ADMINISTRATIVA ESPECIAL DE SERVICIOS PÚBLICOS (Entidad pública),Grandes Generadores Residuos - Sistema SIGAB,"Este dataset busca visualizar los sitios donde se detectan los grandes generadores de residuos (latitud y longitud) para que los  operadores de aseo realicen su labor de limpieza, recolecciòn y disposiciòn final en la ciudad de Bogota","<h4>Este dataset&nbsp;busca visualizar los sitios donde se detectan los grandes generadores de residuos (latitud y longitud) para que los&nbsp; operadores de aseo realicen su labor de limpieza, recolecciòn y disposiciòn final en la ciudad de Bogota</h4>",0,05/28/2022 12:00:00 AM,"BOGOTÁ, D.C.","BOGOTÁ, D.C.",Ambiente y Desarrollo Sostenible,https://www.datos.gov.co/stories/s/Grandes-Generadores-de-Residuos-UAESP/k8di-q44m/,https://herramientas.datos.gov.co/sites/default/files/2022-05/Manual-SIGABVuspa.V1.1.pdf,Visualización,no,,"<a href=""https://www.datos.gov.co/d/kkmp-5syg"">Grandes Generadores  de Residuos - UAESP </a>",,,,,Título              Grandes Generadores de Residuos - UAESP                Enlace              https://www.datos.gov.co/Ambiente-y-Desarrollo-Sostenible/Grandes-Generadores-d…                                Enlace              https://app.powerbi.com/view?r=eyJrIjoiYTdiY2MwZGUtYjUwMC00MjUzLTgyN2QtMmIwZjFl…,,,,,Creative Commons,Aprobado,,,,709,11,11.001,815000842,2022-05-31 13:49:31
https://herramientas.datos.gov.co/sites/default/files/2022-05/Foto_Deforestacion.jpeg,Español,CORPORACION AUTONOMA REGIONAL PARA EL DESARROLLO SOSTENIBLE DEL CHOCÓ (Entidad pública),CAUSAS DE LA DEFORESTACIÓN EN EL CHOCÓ ,"Esta visualización presenta, de forma gráfica, las causas principales de deforestación en los bosques del Departamento del Chocó,  teniendo como principales factores los incendios forestales, la minería, cultivo, ganadería, etc. esta información corresponde a los años comprendidos entre el 2014 y el 2021. <br /> ","<p>Esta visualización presenta, de forma gráfica, las causas principales de deforestación en los bosques del Departamento del Chocó,&nbsp; teniendo como principales factores los&nbsp;incendios forestales, la minería, cultivo, ganadería, etc. esta información corresponde a los años comprendidos entre el 2014 y el 2021.&nbsp;<br />&nbsp;</p>",100,05/27/2022 12:00:00 AM,CHOCÓ,QUIBDÓ,Ambiente y Desarrollo Sostenible,https://www.datos.gov.co/d/em23-mwhw,,Visualización,Si,"Este uso permite a las entidades del SINA y a la comunidad en general ejercer veeduría en la región, para prevenir el deterioro de los recursos naturales por actividades que se realizan sin los respectivos permisos y vigilancia de las entidades competentes.  ","<a href=""https://www.datos.gov.co/d/iczg-dyt3"">AREAS DEFORESTADAS CHOCO </a>",,,,,,,,,,GNU General Public License (GPL) 3.0,Aprobado,,,,708,27,27.001,815000842,2022-07-06 15:08:53
https://herramientas.datos.gov.co/sites/default/files/2021-10/emergencias.png,Español,INSTITUTO DISTRITAL DE GESTIÓN DE RIESGOS Y CAMBIO CLIMÁTICO (Entidad pública),Bitácora de Emergencias,Bitácora de Emergencias Idiger. Bogotá D.C 18/08/2021,"<p><a href=""https://datosabiertos.bogota.gov.co/dataset/bitacora-de-emergencias#"">Bitácora de Emergencias Idiger. Bogotá D.C 18/08/2021</a></p><p>Manejo de Emergencias y Desastres Idiger. https://www.sire.gov.co/web/guest/emergencias . El proceso de Manejo de Emergencias y Desastres se encuentra compuesto por la preparación para la respuesta, la preparación para la recuperación, la ejecución de la respuesta y la ejecución de la recuperación (Ley 1523 de 2012). En Bogotá, este proceso es abordado desde el ámbito comunitario, del sector privado e Institucional (PDGRDCC 2018). Institucional: Las entidades distritales se encargan de atender a la comunidad en caso de emergencia por medio de la ejecución de servicios y funciones de respuesta, de acuerdo a los lineamientos del Marco de Actuación. Con el fin de optimizar su desempeño, las entidades enfocan acciones en términos de preparación y ejecución: Implementación Plan de Emergencia y Contingencias Acuerdo 341 de 2008. Componentes de la preparación para la respuesta - Ejecución de la respuesta</p>",80,10/16/2021 12:00:00 AM,"BOGOTÁ, D.C.","BOGOTÁ, D.C.",Ambiente y Desarrollo Sostenible,https://www.idiger.gov.co/,https://herramientas.datos.gov.co/sites/default/files/2021-10/reporte_consulta_bitacoraemergenciasEnero2021A17Agosto2021.xlsx,Visualización,no,,,,,,,,,,,,,Aprobado,,,,652,11,11.001,815000842,2022-06-16 13:07:27
https://herramientas.datos.gov.co/sites/default/files/2021-10/Logo_Codechoco.jpg,Español,CORPORACION AUTONOMA REGIONAL PARA EL DESARROLLO SOSTENIBLE DEL CHOCÓ (Entidad pública),Visualización de procesos de compra de CODECHOCO,"Visualización de procesos de compra gestionados a través de SECOP II, desde la creación de éste, por parte de las entidades del Departamento del Chocó y en especial seis (6) de ellas que fueron seleccionadas por ser las más representativas de la región. ","<p>Visualización de procesos de compra gestionados a través de SECOP II, desde la creación de éste, por parte de las entidades del Departamento del Chocó y en especial seis (6) de ellas que fueron seleccionadas por ser las más representativas de la región.&nbsp;</p>",0,10/05/2021 12:00:00 AM,CHOCÓ,QUIBDÓ,Ambiente y Desarrollo Sostenible,,,Visualización,Si,Permite hacer seguimiento a la contratación en las entidades para verificar que sean procesos transparentes. ,"<a href=""https://www.datos.gov.co/d/mfmm-jqmq"">SECOP II - Ejecución Contratos </a><a href=""https://www.datos.gov.co/d/jbjy-vk9h"">SECOP II - Contratos Electrónicos </a>",,,,,Título              Publicaciones en SECOP II                 Enlace              https://www.datos.gov.co/Gastos-Gubernamentales/Publicaciones_SECOPII/dhat-h3ef                                Título              Modalidad de Contratación                 Enlace              https://www.datos.gov.co/Gastos-Gubernamentales/Tipos_Procesos/bjx5-2sbp                                Título              Procesos de Compra SECOP II                Enlace              https://www.datos.gov.co/Gastos-Gubernamentales/Contratos-Secop-II/tb27-zmix/da…,,,,,Creative Commons,Aprobado,,,,614,27,27.001,815000842,2021-10-05 18:11:59
https://herramientas.datos.gov.co/sites/default/files/2021-09/oki.jpg,Español,UNIDAD ADMINISTRATIVA ESPECIAL DE SERVICIOS PÚBLICOS (Entidad pública),Homicidios y accidente de tránsito Cundinamarca Reporte Policía Nacional,La ciudadanía puede visualizar información de delitos y Homicidios en accidente de Tránsito desde el 01 de enero del año 2010 al 31 de julio del año 2021 en los Municipios de Cundinamarca.,<p>La ciudadanía puede visualizar información de delitos y Homicidios en accidente de Tránsito desde el 01 de enero del año 2010 al 31 de julio del año 2021 en los Municipios de Cundinamarca.</p>,0,09/25/2021 12:00:00 AM,"BOGOTÁ, D.C.","BOGOTÁ, D.C.",Ambiente y Desarrollo Sostenible,https://www.datos.gov.co/Seguridad-y-Defensa/Homicidios-y-accidente-de-tr-nsito-Cundinamarca-Re/i7e5-3cph,,Visualización,no,,"<a href=""https://www.datos.gov.co/d/ha6j-pa2r"">Reporte Homicidios y Homicidios accidente de tránsito Policía Nacional </a>",,,,,,,,,,Creative Commons,Aprobado,,,,592,11,11.001,815000842,2021-09-26 19:14:27
https://herramientas.datos.gov.co/sites/default/files/2021-09/covid.jpg,Español,UNIDAD ADMINISTRATIVA ESPECIAL DE SERVICIOS PÚBLICOS (Entidad pública),Casos Positivos Covid 19 Antioquia,Visualización creada en el Portal Nacional de Datos Abiertos (datos.gov.co) para verificar los casos positivos de covid 19 en el departamento de Antioquia especificando por cada Municipio la cantidad de casos.,<p>Visualización creada en el Portal Nacional de Datos Abiertos (datos.gov.co) para verificar los casos positivos de covid 19 en el departamento de Antioquia especificando por cada Municipio la cantidad de casos.</p>,0,09/24/2021 12:00:00 AM,"BOGOTÁ, D.C.","BOGOTÁ, D.C.",Ambiente y Desarrollo Sostenible,https://www.datos.gov.co/Salud-y-Protecci-n-Social/Casos-Covid-19-en-Antioquia/f9a8-8qu2,,Visualización,no,,"<a href=""https://www.datos.gov.co/d/gt2j-8ykr"">Casos positivos de COVID-19 en Colombia </a>",,,,,,,,,,Creative Commons,Aprobado,,,,586,11,11.001,815000842,2021-09-24 10:02:05
https://herramientas.datos.gov.co/sites/default/files/2021-09/lavados.jpg,Español,UNIDAD ADMINISTRATIVA ESPECIAL DE SERVICIOS PÚBLICOS (Entidad pública),Tablero de Control sobre Objetos Lavados en Bogotá,"Tablero de control donde la ciudadania puede verificar el tipo de objetos ya sean puentes, cestas, contenedores, etc que se deben lavar en la ciudad de Bogotá","<p>Tablero de control donde la ciudadania puede verificar el tipo de objetos ya sean puentes, cestas, contenedores, etc&nbsp;que se deben lavar en la ciudad de Bogotá</p>",0,09/22/2021 12:00:00 AM,"BOGOTÁ, D.C.","BOGOTÁ, D.C.",Ambiente y Desarrollo Sostenible,https://app.powerbi.com/view?r=eyJrIjoiYTdiY2MwZGUtYjUwMC00MjUzLTgyN2QtMmIwZjFlMjE2M2Y4IiwidCI6ImIxYmE4NWViLWEyNTMtNDQ2Ny05ZWU4LWQ0ZjhlZDRkZjMwMCIsImMiOjR9&pageName=ReportSection,,Visualización,no,,"<a href=""https://www.datos.gov.co/d/cx9c-9vp9"">SIGAB Objetos Lavados- Agosto </a>",,,,,,,,,,Creative Commons,Aprobado,,,,583,11,11.001,815000842,2021-09-23 15:57:20
https://herramientas.datos.gov.co/sites/default/files/2020-11/PUNTOS%20CRITI.jpg,Español,Ruben Buitrago Daza (Sector privado),Puntos críticos que se encuentran en Bogotá donde se alojan residuos sólidos de manera masiva,Puntos críticos que se encuentran en Bogotá donde se presenta mas residuos.,<p>Puntos críticos que se encuentran en la ciudad de Bogotá donde se alojan residuos solidos de manera masiva verificando su ubicación y georreferenciación por zona y concesionario encargado</p>,0,10/30/2020 12:00:00 AM,"BOGOTÁ, D.C.","BOGOTÁ, D.C.",Ambiente y Desarrollo Sostenible,https://app.powerbi.com/view?r=eyJrIjoiMzgxNTk2ODEtMDUyYi00YmNhLWI0MWQtYzMyNzUxN2IyMzg1IiwidCI6ImIxYmE4NWViLWEyNTMtNDQ2Ny05ZWU4LWQ0ZjhlZDRkZjMwMCIsImMiOjR9&pageName=ReportSection,,Visualización,no,,,,,,,Título              PUNTOS CRITICOS                Enlace              https://www.datos.gov.co/Ambiente-y-Desarrollo-Sostenible/Puntos-Criticos/fdgd-…,,,,,,Aprobado,,,,366,11,11.001,,2020-10-30 20:59:38
https://herramientas.datos.gov.co/sites/default/files/2020-11/OBJETOS%20LAVADOS.jpg,Español,Ruben Buitrago Daza (Sector privado),Objetos en la ciudad de Bogotá que deben ser lavados por los operadores,Tipo de objetos que deben lavarse,"<p>Objetos en la ciudad de Bogotá que deben ser lavados por los operadores, su ubicación y si es una plazoleta o puente peatonal con su respectiva dirección y georreferenciación</p>",0,10/30/2020 12:00:00 AM,"BOGOTÁ, D.C.","BOGOTÁ, D.C.",Ambiente y Desarrollo Sostenible,https://app.powerbi.com/view?r=eyJrIjoiYTdiY2MwZGUtYjUwMC00MjUzLTgyN2QtMmIwZjFlMjE2M2Y4IiwidCI6ImIxYmE4NWViLWEyNTMtNDQ2Ny05ZWU4LWQ0ZjhlZDRkZjMwMCIsImMiOjR9&pageName=ReportSection,,Visualización,no,,,,,,,Título              OBJETOS LAVADOS                Enlace              https://www.datos.gov.co/Ambiente-y-Desarrollo-Sostenible/Objetos-Lavados/vu94-…,,,,,,Aprobado,,,,365,11,11.001,,2020-10-30 20:46:41
https://herramientas.datos.gov.co/sites/default/files/2020-11/CONTENEDORES.jpg,Español,Ruben Buitrago Daza (Sector privado),Numero y posición contenedores en Bogotá,Numero y posición contenedores en Bogotá,"<p>Identificar el numero de contenedores instalados que hay en la ciudad de Bogotá por zonas y su respectiva dirección, capacidad de almacenamiento y si es aprovechable o no.</p>",0,10/30/2020 12:00:00 AM,"BOGOTÁ, D.C.","BOGOTÁ, D.C.",Ambiente y Desarrollo Sostenible,https://app.powerbi.com/view?r=eyJrIjoiYmMxZTgxMTItMGRkMC00ZGRiLWI1ZDYtN2NkZDI1YzVkYTE0IiwidCI6ImIxYmE4NWViLWEyNTMtNDQ2Ny05ZWU4LWQ0ZjhlZDRkZjMwMCIsImMiOjR9&pageName=ReportSection,,Visualización,no,,,,,,,Título              CONTENEDORES                Enlace              https://www.datos.gov.co/Ambiente-y-Desarrollo-Sostenible/Contenedores/ahru-iuf6,,,,,,Aprobado,,,,368,11,11.001,,2020-10-30 20:37:51
https://herramientas.datos.gov.co/sites/default/files/2020-11/CESTAS_0.jpg,Español,Ruben Buitrago Daza (Sector privado),Numero y posición de cestas instaladas en Bogotá,Numero y posición de cestas instaladas en Bogotá,"<p>Numero y posición de cestas instaladas en Bogotá, su ubicación según zona, dirección de instalación ycapacidad de almacenamiento</p>",0,10/30/2020 12:00:00 AM,"BOGOTÁ, D.C.","BOGOTÁ, D.C.",Ambiente y Desarrollo Sostenible,https://app.powerbi.com/view?r=eyJrIjoiYTdjMGZjNzktZjNmNi00ZjRiLWE0NWEtMWJlZjhhNTA2MzZmIiwidCI6ImIxYmE4NWViLWEyNTMtNDQ2Ny05ZWU4LWQ0ZjhlZDRkZjMwMCIsImMiOjR9&pageName=ReportSection,,Visualización,no,,,,,,,Título              CESTAS                Enlace              https://www.datos.gov.co/Ambiente-y-Desarrollo-Sostenible/Cestas/n4rg-j7hs,,,,,,Aprobado,,,,363,11,11.001,,2020-10-30 20:24:21
https://herramientas.datos.gov.co/sites/default/files/2020-11/contenedores_0.jpg,Español,Ruben Buitrago Daza (Sector privado),Cantidad de contenedores que se encuentran distribuidos por localidad en la ciudad de Bogotá,Cantidad de contenedores que se encuentran distribuidos por localidad en la ciudad de Bogotá,"<p>Cantidad y numero de contenedores que se encuentran distribuidos en la ciudad de Bogotà describiendo la direccion, tipo, capacidad, fecha de reporte para instalaciòn.</p>",0,10/30/2020 12:00:00 AM,"BOGOTÁ, D.C.","BOGOTÁ, D.C.",Ambiente y Desarrollo Sostenible,https://app.powerbi.com/view?r=eyJrIjoiYmMxZTgxMTItMGRkMC00ZGRiLWI1ZDYtN2NkZDI1YzVkYTE0IiwidCI6ImIxYmE4NWViLWEyNTMtNDQ2Ny05ZWU4LWQ0ZjhlZDRkZjMwMCIsImMiOjR9&pageName=ReportSection,,Visualización,no,,,,,,,Título              Contenedores                Enlace              https://www.datos.gov.co/Ambiente-y-Desarrollo-Sostenible/Contenedores/ahru-iuf6,,,,,,Aprobado,,,,364,11,11.001,,2020-10-30 13:39:04
https://herramientas.datos.gov.co/sites/default/files/2020-11/O3_medellin_0.gif,Español,Alexander Bolaño Cervantes (Sector privado),¿Que ocurrió con la calidad del aire en Medellin en 2018-2019?,Estudio de la calidad del aire con mediciones del contaminante  PM2.5 en Medellin por estaciones en el ultimo año,"<p>Los datos usados para el siguiente análisis fueron gracias al sitio web "" datos abiertos del Área metropolitana del Valle de Aburra "" , con la finalidad de entender y analizar a través de los datos la problemática que se presento este ultimo año en la ciudad de Medellin . Fecha de Inicio : 07/11/2018 Fecha de Final : 07/11/2019</p><p>Se realizo un mapa interactivo sobre el comportamiento promedio del PM2.5 por estaciones &nbsp;para visualizar cual es la hora del dia en la que estamos mas expuestos a este contaminante en la ciudad de Medellin .</p>",100,01/16/2020 12:00:00 AM,ANTIOQUIA,MEDELLÍN,Ambiente y Desarrollo Sostenible,https://github.com/alexbonella/Calidad-del-Aire-Medellin,,Visualización,no,,,,,,,Título              Datos abiertos del area metropolitana del valle del aburra                Enlace              https://datosabiertos.metropol.gov.co/,,,,,,Aprobado,,,,233,5,5.001,,2022-05-30 08:16:30
https://herramientas.datos.gov.co/sites/default/files/2020-11/Turismo%20Aumentado.jpg,Español,Pablo Cesar Gonzales Duran  (Sector privado),Turismo Aumentado ,Turismo aumentado es una aplicación que le da vida en realidad aumentada a bellas postales turísticas de Colombia.,"<p>Aplicación móvil que le permitirá a la ciudadanía conocer los lugares turísticos de Girón a través de realidad aumentada.<br />La aplicación además permite conocer restaurantes, hoteles y algunos lugares de entretenimiento &nbsp;en la zona del casco urbano de Girón.</p>",0,08/12/2018 12:00:00 AM,SANTANDER,BUCARAMANGA,Ambiente y Desarrollo Sostenible,https://play.google.com/store/apps/details?id=com.Postlive.TurismoAumentado&hl=es,https://herramientas.datos.gov.co/sites/default/files/2020-11/Turismo%20Aumentado.docx,Aplicación Móvil,Si,"Muchos turistas, nacionales y extranjeros, llegan con expectativas de conocer nuestra tierra y nuestras costumbres como información turística, los gastos de guía y la confianza, hacen que la experiencia no cumpla sus expectativas ",,,,,,,,,,,,Aprobado,,,,198,68,68.001,,2018-08-12 20:23:10
https://herramientas.datos.gov.co/sites/default/files/2020-11/Alianza%20Colombia.Travel.png,Español,Carlos Andres Gomez Otalvaro  (Sector privado),Alianza Colombia.Travel,"Aplicación Móvil que ofrece a la ciudadanía las rutas turísticas rurales, cultura y la oferta comercial (Hoteles, negocios, bar)en Antioquia","<p>Somos la primera aplicación especializada en turismo rural, donde se ofrece toda la oferta turística de nuestro territorio, con el propósito que las personas conozcan, disfruten, preserven y conserven la diversidad de los diferentes municipios como una alternativa de desarrollo social, cultural y económico.<br />Pretendemos centralizar toda la información de oferta turística y cultural, a través de una plataforma web y aplicación móvil, para encontrar todo lo que necesitas de tu destino en la palma de la mano.<br />Somos Alianza Colombia.Travel, su aliado estratégico para promover su negocio.</p>",0,08/12/2018 12:00:00 AM,ANTIOQUIA,MEDELLÍN,Ambiente y Desarrollo Sostenible,https://play.google.com/store/apps/details?id=com.alianzacolombia&hl=en,https://herramientas.datos.gov.co/sites/default/files/2020-11/Alianza%20Colombia%20Travel.docx,Aplicación Móvil,Si,"promoviendo y propiciando condiciones para que se conozca, valore, conserve y se preserve estratégicamente la bio-diversidad de los pueblos como una alternativa de crecimiento social y económico.",,,,,,,,,,,,Aprobado,,,,200,5,5.001,,2018-08-12 16:44:56
https://herramientas.datos.gov.co/sites/default/files/2020-11/Find_2_0.jpg,Español,Miguel Guillermo Sánchez García (Sector privado),FIND,Aplicación móvil que permite incentivar y mejorar el proceso de recolección de residuos en las empresas de reciclaje.,"<p>Aplicación móvil que permite incentivar y mejorar el proceso de recolección de residuos en las empresas de reciclaje y las capacitará en estos temas. Permitirá conectar a las empresas de reciclaje encargadas de la recolección con los usuarios del servicio.<br />permite geo-localizar a técnicos de cuadrilla, vehículos o contratistas en tiempo real aportando datos históricos para la medición de frecuencias y horarios de recolección en la prestación del servicio. Además, facilita la comunicación de información importante tanto a empleados como a clientes, ya que admite que la ciudadanía (usuarios o suscriptores) interactúen por medio de la generación de PQRS,&nbsp;<br />Por otra parte, FIND une a recicladores con personas que están dispuestas a entregar sus residuos aprovechables para que se comercialicen libremente.<br />&nbsp;</p>",0,08/10/2018 12:00:00 AM,SANTANDER,BUCARAMANGA,Ambiente y Desarrollo Sostenible,https://play.google.com/store/apps/details?id=co.digitalexp.findrecycle&hl=es,,Aplicación Móvil,Si,"concientizaciones ambientales (Agua, Naturaleza, Proceso de Reciclaje, Ambiente, etc.) generadas por la empresa, conocimiento de rutas, horarios y demás temática que se desee dar a conocer. ",,,,,,,,,,,,Aprobado,,,,203,68,68.001,,2018-08-10 12:56:29
https://herramientas.datos.gov.co/sites/default/files/2020-11/Personeria%20en%20linea.png,Español,Lesly Andrea Quirama García (Sector privado),Personería en linea de Medellín ,A través de la Personería de Medellín las personas con alta vulnerabilidad puede acceder a los servicios de justicia.,"<p>Aplicación web que apoyará a la ciudadanía, a través de la personería de medellín, brindar servicios misionales y que las demás personerías&nbsp;La Personería de Medellín ha implementado un plan piloto denominado TUTELA DE SALUD EN&nbsp;LINEA, que desde el año 2016 viene funcionando en pro de mejorar el desarrollo de las&nbsp;tecnologías de la información TIC en la entidad; es así como nace la idea de utilizar una&nbsp;herramienta de gestión virtual a nivel nacional que permita una integración de las personerías del&nbsp;país y tener una red de colaboración en la gestión y ejecución de su actuar misional, encaminados&nbsp;a proteger los derechos humanos y en general los intereses de la sociedad.&nbsp;</p>",0,08/10/2018 12:00:00 AM,ANTIOQUIA,MEDELLÍN,Ambiente y Desarrollo Sostenible,http://www.personeriamedellin.gov.co/,https://herramientas.datos.gov.co/sites/default/files/2020-11/Personeria%20en%20linea.docx,Aplicación Web,Si,"Esta herramienta permitirá a los Personeros del país mejorar la gestión de procesos, reducir costos y tiempos, aumentar indicadores, fortalecer la cobertura de usuarios e impactar en la implementación de políticas públicas a nivel local y nacional.",,,,,,Título              Base de datos de la registraduria nacional                    Enlace              https://www.registraduria.gov.co/,,,,,,Aprobado,,,,193,5,5.001,,2018-08-10 12:07:35
https://herramientas.datos.gov.co/sites/default/files/2020-11/Geo.jpg,Español,Cesar Augusto Gomez Olivero (Sector privado),GEO EVENTOS,Aplicación WEB que permitirá consolidar eventos culturales y deportivos de la ciudad de Cali.,"<p>Deseamos que la población despierte ese interés por los eventos culturales y deportivos que ofrecen las entidades públicas, conozcan el patrimonio de la ciudad, las iniciativas de los emprendedores caleños: sus productos y servicios, para acogerlos y apoyar la región.<br />Eventos Culturales<br />Eventos Deportivos<br />Patrimonio Cultural e Histórico.<br />Emprendimientos destacados</p><p>El objeto principal es el de listar y promocionar los eventos públicos culturales y deportivos de la ciudad; y se desea sistematizar esta información en un proyecto web para que sea consultada de forma interactiva por la población, encontrando rutas históricas, deportivas, escenarios culturales y deportivos, zonas históricas, etc; y que la población pueda compartir información e interactuar con el sistema.</p>",0,08/10/2018 12:00:00 AM,VALLE DEL CAUCA,CALI,Ambiente y Desarrollo Sostenible,https://www.geoeventos.org/,https://herramientas.datos.gov.co/sites/default/files/2020-11/GEO%20EVENTOS.pdf,Aplicación Web,Si,Para encontrar diversión y entretenimiento no necesitas dinero. Te mostramos los eventos públicos culturales y deportivos para tu interés.,,,,,,Título              deportes en Cali                Enlace              http://www.cali.gov.co/deporte/                                Título              Secretaría de Vivienda Social y Hábitat                Enlace              http://www.cali.gov.co/vivienda/                                Título              Secretaría de Turismo                Enlace              http://www.cali.gov.co/turismo/                                Título               Secretaría de Paz y Cultura Ciudadana                Enlace              http://www.cali.gov.co/pazycultura/,,,,,,Aprobado,,,,205,76,76.001,,2018-08-10 11:10:50
https://herramientas.datos.gov.co/sites/default/files/2020-11/comparum.png,Español,Luis Armando Gelvez Acevedo (Sector privado),Comparum,Un completo tablero de control para la industria de servicios educativos y las empresas en busca de talento humano.,"<p>Aplicación web que permite a los profesionales o estudiantes de últimos semestres cambiar o especializar su perfil laboral, permitiéndoles comparar su perfil profesional contra el mercado. Con la aplicación los usuarios pueden identificar los perfiles profesionales más demandados por sector y ciudad, &nbsp;los requisitos de cada ocupación y con ello identificar las brechas en competencias, certificaciones y experiencia laboral con base en la información de las vacantes electrónicas</p>",0,08/10/2018 12:00:00 AM,ATLÁNTICO,BARRANQUILLA,Ambiente y Desarrollo Sostenible,http://comparum.co/,https://herramientas.datos.gov.co/sites/default/files/2020-11/Plan%20de%20proyecto%20Comparum.docx,Aplicación Web,Si,El cliente identificado es el profesional con experiencia o el estudiante de los últimos niveles de formación profesional que están buscando mejorar su perfil competitivo en el mercado laboral.,,,,,,,,,,,,Aprobado,,,,194,8,8.001,,2018-08-10 00:18:52
https://herramientas.datos.gov.co/sites/default/files/2020-11/nuevo%20logo%202018.jpg,Español,Juan Francisco Delgado (Sector privado),Sipev,Sistema nacional de información de publicidad exterior visual.,"<p>Aplicación web que permite a partir del uso de datos abiertos, verificar el registro de publicidad exterior visual de las vallas publicitarias instaladas en el territorio Colombiano.</p>",0,08/06/2018 12:00:00 AM,RISARALDA,PEREIRA,Ambiente y Desarrollo Sostenible,http://www.sipev.co/,https://herramientas.datos.gov.co/sites/default/files/2020-11/Foto%20SIPEV%201.jpg,Aplicación Web,no,,,,,,,,,,,,,Aprobado,,,,180,66,66.001,,2018-08-06 08:14:34
https://herramientas.datos.gov.co/sites/default/files/2020-11/addalogo.png,Español,"Camilo Ibarra, Vanessa Hoyos, Camilo Moreno, Gersain Lozada (Sector privado)",Adda (Aplicación de denuncias ambientales),Adda es una iniciativa que pretende mitigar las emergencias naturales reportándolas oportunamente por medio de una aplicación movil,"<p>Adda es un proyecto que beneficia al medio ambiente por medio de denuncias constantes que los ciudadanos con sus dispositivos móviles pueden hacer en el lugar y momento que deseen, de este modo podrán alertar oportunamente a las entidades ambientales sobre emergencias, posibles riesgos o anomalías que puedan presenciar, adda permite adjuntar fotos de la emergencia, datos como teléfono y observaciones del incidente para que las autoridades puedan acudir con mas precisión al lugar registrado. Además cuenta con un portal informativo donde las personas podrán conocer noticias sobre le medio ambiente de este modo se realizarán mejores denuncias.</p>",0,08/03/2018 12:00:00 AM,CAUCA,POPAYÁN,Ambiente y Desarrollo Sostenible,http://addacol.co/,https://herramientas.datos.gov.co/sites/default/files/2020-11/Captura%20de%20pantalla%202018-08-03%20a%20la%28s%29%2010.06.03%20p.%20m..png,Aplicación Móvil,Si,"concientización de los ciudadanos sobre el medio ambiente, invitación a que denuncien y se informen sobre casos medio ambientales que pueden suceder en cualquier parte de nuestro país",,,,,,Título              Emergencias Naturales                Enlace              https://herramientas.datos.gov.co/es/content/emergencias-naturales                                Título              CONSEJO MPAL DE GESTIÓN DEL RIESGO DE DESASTRES                Enlace              https://www.datos.gov.co/d/pwrf-x4q5                                Título              Base Sistema de Gestión de Riesgo de Desastres                Enlace              https://www.datos.gov.co/d/jd8f-rt5j,,,,,,Aprobado,,,,182,19,19.001,,2018-08-03 22:13:08
https://herramientas.datos.gov.co/sites/default/files/2020-11/logo%20final%20-01-01.png,Español,Jorge Iván Cardoso Cartagena (Sector privado),Los Sueños de Matilda,"App SOS RECICLA conecta compradores, vendedores y donantes  de productos sostenibles nuevos, usados o reciclaje a través de gps.","<p>App SOS RECICLA es un aplicativo móvil que conecta geolocalizadamente a través de gps, en un &nbsp;gran Marketplace compradores, vendedores y donantes &nbsp;de productos sostenibles nuevos, usados o reciclaje para intercambio inmediato, reduciendo los tiempos y optimizando los desplazamientos.</p><p>Cuenta además con rutas óptimas e indicadores económicos para los precios del reciclaje. También puedes registrar tus facturas de servicios públicos para participar de nuestras campañas de reducción de consumo. Todo lo anterior permite ganar grandes premios ya que cuenta con ecomonedas que pueden ser canjeadas. Entre más recicles más ganas.&nbsp;<br />Nuestro aplicativo trabaja de la mano con nuestro personaje Matilda quien logra conectar, movilizar, sensibilizar y generar mejores hábitos a nivel ambiental desde la educación emocional.<br />&nbsp;</p>",0,08/02/2018 12:00:00 AM,"BOGOTÁ, D.C.","BOGOTÁ, D.C.",Ambiente y Desarrollo Sostenible,http://www.sosmatilda.com/,https://herramientas.datos.gov.co/sites/default/files/2020-11/laura%20broshure%20carta%20empresas.pdf,Aplicación Web,Si,"Ponemos al servicio del sector reciclador esta herramienta tecnológica que les permite optimizar los procesos de selección, recolección y transporte de reciclaje involucrando también a diferentes actores como niños, familias, empresas y comunidad .",,,,,,Título              Registro Único de Prestadores de Servicios Públicos RUPS                Enlace              https://www.datos.gov.co/Hacienda-y-Cr-dito-P-blico/Registro-nico-de-Prestadore…                                Título              COMISION DE REGULACION DE AGUA POTABLE Y SANEAMIENTO BÁSICO                Enlace              http://cra.gov.co/seccion/publicacion-de-datos-abiertos.html,,,,,,Aprobado,,,,174,11,11.001,,2018-08-02 21:40:24
https://herramientas.datos.gov.co/sites/default/files/2020-11/Mobile_login_View.png,Español,Oscar Alberto Abuchaibe Raheb (Sector privado),WASHME ,"Ingrese, agende y reciba su servicio de limpieza profesional y ecológica a tan solo un click","<p>Limpieza profesional y ecológica a tan solo un clic donde podrás agendar en línea tu servicio de limpieza , ver su trazabilidad y quien es su profesional de limpieza, además podrás pagarlo de manera fácil, segura y en línea. Únicos en limpieza profesional y ecológica con productos no tóxicos, no abrasivos y amigables con el medio ambiente.</p>",0,07/31/2018 12:00:00 AM,ATLÁNTICO,BARRANQUILLA,Ambiente y Desarrollo Sostenible,http://wioc.herokuapp.com/,https://herramientas.datos.gov.co/sites/default/files/2020-11/washme-2.pdf,Aplicación Web,Si,"Con la ayuda de nuestros servicios y productos , generamos empleos a madres cabezas de familia ayudando a resolver parte del impacto social del desempleo y con los frutos de ese objetivo otorgar parte de los ingresos para la siembra de nuevos arboles",,,,,,Título              Ministerio de salud                 Enlace              https://www.minsalud.gov.co/Paginas/datos-abiertos.aspx                                Título              Ministerio del trabajo                Enlace              http://filco.mintrabajo.gov.co/FILCO/faces/datosAbiertos.jsf?_afrLoop=119228668…                                Título              Ministerio del medio ambiente                Enlace              http://www.minambiente.gov.co/index.php/servicios-de-atencion-al-ciudadano/dato…                                Título              Datos abiertos ICBF                Enlace              https://www.icbf.gov.co/gestion-transparencia/transparencia/gobierno-abierto/da…                                Título              secretaria de la mujer Altantico                 Enlace              http://www.atlantico.gov.co/index.php/secretarias/mujeres-y-equidad,,,,,,Aprobado,,,,170,8,8.001,,2018-07-31 12:28:20
https://herramientas.datos.gov.co/sites/default/files/2020-11/big-data-1667184_1280.jpg,Español,"Byron Julian Parra, Daniela Flórez Jaramillo y Alejandro Herrera (Sector privado)",Desastres naturales en Colombia desde 1998 a 2017,Visualizaciones sobre los desastres naturales presentados en Colombia desde el año 1998 a 2017,<p>Dashboard e infografía con análisis sobre los desastres naturales ocurridos en Colombia desde el año 1998 hasta diciembre de 2017</p>,0,07/24/2018 12:00:00 AM,RISARALDA,PEREIRA,Ambiente y Desarrollo Sostenible,https://byron721.wixsite.com/desastrescolombia,,Visualización,Si,Generar visualizaciones con sus respectivos análisis en las que se recopile un histórico de desastres naturales en Colombia para lograr seguimiento constante al aumento o deterioro en la calidad de vida de los habitantes.,,,,,,Título              Desastres Naturales de 1999 a 2013 Colombia                Enlace              https://www.datos.gov.co/Ambiente-y-Desarrollo-Sostenible/Desastres-Naturales-d…                                Título              Inundaciones Colombia                Enlace              https://www.datos.gov.co/Ambiente-y-Desarrollo-Sostenible/Inundaciones-Colombia…                                Título              Emergencias Naturales                Enlace              https://www.datos.gov.co/Ambiente-y-Desarrollo-Sostenible/Emergencias-Naturales…                                Título              Emergencia Naturales Colombia 2016                Enlace              https://www.datos.gov.co/Ambiente-y-Desarrollo-Sostenible/Emergencia-Naturales-…                                Título              EMERGENCIAS 2017                Enlace              https://www.datos.gov.co/Ambiente-y-Desarrollo-Sostenible/EMERGENCIAS-2017/upny…,,,,,,Aprobado,,,,330,66,66.001,,2018-07-24 14:33:37
https://herramientas.datos.gov.co/sites/default/files/2020-11/Escudo_0.png,Español,"Byron Parra, Daniela Flórez, Alejandro Herrera (Sector privado)",Desastres naturales en Colombia desde 1998 a 2017,Visualizaciones y análisis sobre los desastres naturales ocurridos en Colombia de 1998 a 2017.,<p>Análisis y visualización de datos sobre los eventos y desastres naturales ocurridos en Colombia desde el año 1998 a diciembre de 2017.</p>,100,07/24/2018 12:00:00 AM,RISARALDA,PEREIRA,Ambiente y Desarrollo Sostenible,https://byron721.wixsite.com/desastrescolombia,,Visualización,Si,"Histórico de desastres naturales en Colombia para lograr seguimiento constante al aumento o deterioro en la calidad de vida de los habitantes del territorio nacional, especialmente de aquellos que viven en situación de vulnerabilidad.",,,,,,Título              Desastres Naturales de 1999 a 2013 Colombia                Enlace              https://www.datos.gov.co/Ambiente-y-Desarrollo-Sostenible/Desastres-Naturales-d…                                Título              Inundaciones Colombia                Enlace              https://www.datos.gov.co/Ambiente-y-Desarrollo-Sostenible/Inundaciones-Colombia…                                Título              Emergencias Naturales                Enlace              https://www.datos.gov.co/Ambiente-y-Desarrollo-Sostenible/Emergencias-Naturales…                                Título              Emergencia Naturales Colombia 2016                Enlace              https://www.datos.gov.co/Ambiente-y-Desarrollo-Sostenible/Emergencia-Naturales-…                                Título              EMERGENCIAS 2017                Enlace              https://www.datos.gov.co/Ambiente-y-Desarrollo-Sostenible/EMERGENCIAS-2017/upny…,,,,,,Aprobado,,,,217,66,66.001,,2022-11-29 10:09:21
https://herramientas.datos.gov.co/sites/default/files/2020-11/Captura%20de%20pantalla%202018-07-12%20a%20las%2012.38.13%20p.m..png,Español,"Angie Arango, Stephania Cardona y Laura Gómez. (Sector privado)",Fauna silvestre en Risaralda ,La finalidad del proyecto es exponer las altas estadísticas que se presentan con tráfico ilegal de fauna silvestre en Risaralda.,"<p>El tema principal del proyecto es el tráfico de especies de fauna silvestre en el departamento de Risaralda, un proyecto que tiene como propósito principal crear conciencia por el cuidado de las especies del país y por ende contribuir en el cuidado del medio ambiente, trabajando de la mano con la base de datos que proporcionan las grandes tasas de tráfico en el departamento.&nbsp;</p>",0,07/14/2018 12:00:00 AM,RISARALDA,PEREIRA,Ambiente y Desarrollo Sostenible,https://faunarisaralda.wixsite.com/inicio,,Investigación,Si,"El proyecto puede beneficiar a las organizaciones por la formación allí suministrada, ya que tienen acceso a datos más organizados, verídicos y más específicos sobre la fauna silvestre de Riasaralda. ",,,,,,Título              Inventario De Especies Fauna Y Flora Por Áreas Protegidas en Risaralda                Enlace              https://www.datos.gov.co/Ambiente-y-Desarrollo-Sostenible/Inventario-De-Especie…                                Título              Fauna silvestre recuperada en el departamento de Risaralda 2008-2017                Enlace              https://www.datos.gov.co/Ambiente-y-Desarrollo-Sostenible/Fauna-silvestre-recup…                                Título              AVES IDENTIFICADAS EN LAS AREAS PROTEGIDAS DE RISARALDA                Enlace              https://www.datos.gov.co/Ambiente-y-Desarrollo-Sostenible/AVES-IDENTIFICADAS-EN…,,,,,,Aprobado,,,,214,66,66.001,,2018-07-14 20:04:47
https://herramientas.datos.gov.co/sites/default/files/2020-11/WhatsApp%20Image%202018-07-11%20at%207.36.40%20PM.jpeg,Español,"Mariana Bedoya Maldonado, Alejando Camacho Acevedo, Julián Páez Valdez (Sector privado)",Precipitación y temperatura CO,Recopilación de datos de las temperaturas y precipitaciones de las diferentes regiones del país.,"<p>Por medio de la página web, de una manera muy interactiva, se busca que los usuarios conozcan cuáles son los meses con mayor y menor precipitación y temperatura. Acompañado de imágenes que ayudan a conocer un poco más de la region para aquellos que sólo buscan información, por otro lado, los datos funcionan para aquellas personas que buscan ir de viaje, hacer cosechas, entre otras cosas para las que la información es bastante útil.&nbsp;</p>",0,07/11/2018 12:00:00 AM,RISARALDA,PEREIRA,Ambiente y Desarrollo Sostenible,https://precipitacionytemp.wixsite.com/inicio,,Visualización,no,,,,,,,Título              Prom. Precipitación y Temperatura media. 1971-2000                Enlace              https://www.datos.gov.co/d/xia4-kpim,,,,,,Aprobado,,,,220,66,66.001,,2018-07-11 12:43:42
